symbol,enterpriseValue,marketCap,beta,debtToEquity,returnOnEquity,trailingPE,enterpriseToEbitda,totalRevenue,revenueGrowth,operatingCashflow
MMM,83424100352.0,81065828352,1.001,295.441,1.1329399,20.595863,10.278,32637999104,0.004,1987000064.0
AOS,9924186112.0,9513122816,1.169,7.471,0.29544002,18.074379,12.266,3893799936,-0.037,591200000.0
ABT,210057101312.0,226277670912,0.722,37.589,0.14840001,17.075918,19.405,41216999424,0.049,8728000512.0
ABBV,374475194368.0,335032057856,0.613,1174.815,0.56407,79.65966,14.611,55532998656,0.038,16510999552.0
ACN,217196363776.0,241532223488,1.245,14.127,0.26674998,32.368397,19.628,64896462848,0.026,9131027456.0
ADBE,240642179072.0,196320296960,1.299,41.788,0.35355,36.547813,29.585,20946999296,0.106,6732000256.0
AMD,191619481600.0,180181172224,1.706,3.927,0.03262,111.19,42.782,24295000064,0.176,2123000064.0
AES,40938557440.0,7636429824,1.09,352.879,-0.02549,7.458333,12.279,12284000256,-0.042,2388999936.0
AFL,62888644608.0,56404307968,0.958,50.141,0.16038,10.650051,13.159,17301999616,-0.404,2956000000.0
A,39979700224.0,40864940032,1.072,52.787,0.24658,32.334087,25.562,6496999936,-0.056,1786000000.0
APD,87717486592.0,68582674432,0.826,79.822,0.2258,17.82938,20.416,12100599808,-0.001,3646700032.0
ABNB,75337678848.0,84281737216,1.156,26.614,0.20873,46.840275,45.031,10840000512,0.099,4115000064.0
AKAM,17919657984.0,15556757504,0.678,96.999,0.11541,30.637573,16.023,3966245888,0.041,1564576000.0
ALB,13621524480.0,8955372544,1.551,35.334,-0.17662,,-14.567,6501978112,-0.414,603174976.0
ARE,35024240640.0,16416911360,1.176,58.757,0.02132,52.69167,18.384,3085452032,0.109,1658962944.0
ALGN,15237604352.0,15884313600,1.65,3.235,0.11401,37.86032,18.579,3960518912,0.018,499051008.0
ALLE,12866629632.0,11266037760,1.123,162.864,0.40822,19.938463,14.483,3724000000,0.054,675500032.0
LNT,25111955456.0,15271489536,0.574,153.258,0.096540004,23.157587,15.34,3966000128,0.004,1158000000.0
ALL,53352714240.0,49329750016,0.481,38.833,0.23783001,10.956445,8.615,62432002048,0.147,8450999808.0
GOOGL,2462356602880.0,2284007456768,1.034,9.324,0.32101002,23.202747,19.943,339859013632,0.151,105101000704.0
GOOG,2478637056000.0,2284099207168,1.034,9.324,0.32101002,23.4,20.075,339859013632,0.151,105101000704.0
MO,112556851200.0,90373701632,0.67,,,8.173548,9.214,20362000384,0.013,8640000000.0
AMZN,2581784166400.0,2464283099136,1.146,61.175,0.22558,42.125,23.138,620127977472,0.11,112706002944.0
AMCR,21300920320.0,14525667328,0.863,196.619,0.1958,18.272728,11.187,13550000128,-0.026,1187000064.0
AEE,44327018496.0,25956878336,0.462,152.976,0.09838,22.880705,13.581,7057999872,0.056,2479000064.0
AEP,97231134720.0,53352361984,0.539,165.878,0.10182,20.19758,13.396,19602200576,0.015,6413400064.0
AXP,237470449664.0,217044353024,1.214,186.815,0.3469,22.084286,,59238998016,0.08,15041000448.0
AIG,43429335040.0,46670397440,1.069,22.306,0.085,14.874751,5.109,45298999296,-0.086,4767000064.0
AMT,137425133568.0,88277893120,0.842,439.338,0.17691,45.521683,19.728,11167699968,,5233399808.0
AWK,37099552768.0,23784884224,0.698,129.608,0.097040005,24.262444,15.407,4514999808,0.134,1932999936.0
AMP,48829988864.0,50895089664,1.334,67.402,0.56751,21.58527,,17444999168,0.119,8354999808.0
AME,44751745024.0,42736463872,1.163,26.778,0.14886,31.209457,20.928,6910462976,0.053,1819489024.0
AMGN,206744715264.0,158384095232,0.599,802.418,0.5572,38.92338,16.881,32533999616,0.232,7256999936.0
APH,91647270912.0,86225223680,1.238,57.565,0.25293,37.25,25.555,14232399872,0.262,2809400064.0
ADI,116578631680.0,101888540672,1.078,23.07,0.04658,62.609756,26.73,9700435968,-0.248,3989006080.0
ANSS,29730496512.0,30009780224,1.111,14.888,0.10479999,52.95756,35.558,2467742976,0.312,770489024.0
AON,97615495168.0,83066691584,0.909,274.699,0.82182,30.776844,22.728,14926000128,0.26,3096000000.0
APA,15468761088.0,8421843456,3.246,105.032,0.6186,3.2336648,3.065,8954999808,0.104,3614000128.0
APO,109802242048.0,91734573056,1.589,92.115,0.33501,22.151638,,31670999040,2.851,5320999936.0
AAPL,3645256499200.0,3434052321280,1.24,209.059,1.5741299,36.22821,27.07,391034994688,0.061,118254002176.0
AMAT,150907158528.0,149004664832,1.551,35.409,0.4391,21.319185,18.394,26854000640,0.055,7656999936.0
APTV,22958639104.0,15049355264,1.817,109.665,0.24212,9.199713,7.57,19725000704,-0.051,2010000000.0
ACGL,34166065152.0,34614263808,0.613,12.243,0.30441,6.1744967,6.606,16867000320,0.418,6765000192.0
ADM,36627865600.0,21982562304,0.722,52.874,0.1075,12.585562,9.185,88768004096,-0.117,4728999936.0
ANET,29952339968.0,151309778944,1.077,0.755,0.33833998,57.468903,10.571,6613147136,0.2,3203736064.0
AJG,72190484480.0,80729686016,0.727,70.273,0.10321999,49.603687,21.344,10667700224,0.119,2537200128.0
AIZ,10979091456.0,11015507968,0.568,39.627,0.15215,15.330478,8.841,11755799552,0.07,1592499968.0
T,324287561728.0,177713643520,0.73,125.151,0.08759,16.620806,7.582,122059997184,-0.005,38252998656.0
ATO,29742475264.0,22575091712,0.672,64.648,0.090179995,20.376076,14.931,4094885120,0.059,1641298944.0
ADSK,69086396416.0,66301341696,1.474,105.214,0.57445997,61.163017,49.489,5805000192,0.119,1160999936.0
ADP,124228272128.0,125035528192,0.795,176.65,0.87263,32.07829,21.669,19522899968,0.071,4655499776.0
AZO,68504272896.0,57488936960,0.713,,,22.919777,15.79,18490267648,0.09,3004115968.0
AVB,39845027840.0,31078232064,0.985,71.946,0.08808,28.746054,22.038,2926010880,0.094,1625251968.0
AVY,18407925760.0,14567203840,0.896,131.956,0.30241,20.791857,12.997,8680500224,0.041,899500032.0
AXON,51368431616.0,51696943104,0.943,34.832,0.16424,175.1809,280.365,1940449024,0.317,298184000.0
BKR,47658852352.0,46772891648,1.363,36.933,0.14292,15.852349,10.989,27299999744,0.04,3073999872.0
BALL,21376358400.0,15119753216,0.899,90.836,0.14048,36.98175,10.213,13784999936,-0.009,351000000.0
BAC,357865619456.0,355731603456,1.325,,0.08092,14.560748,,94625996800,-0.005,-1995000064.0
BAX,27478192128.0,15736322048,0.604,166.129,0.01627,123.28,10.014,15061999616,0.038,1062000000.0
BDX,82109636608.0,66364080128,0.45,77.612,0.05633,38.975548,16.072,19828000768,0.069,3944000000.0
BRK-B,-197288378368.0,1017183993856,0.871,19.707,0.18441999,9.54004,-1.319,369893015552,-0.002,40370999296.0
BBY,22488889344.0,18899566592,1.493,131.896,0.4241,15.136986,8.41,42537000960,-0.031,2106000000.0
TECH,11738978304.0,10911233024,1.278,18.653,0.07287,70.428566,38.05,1171582976,0.045,303487008.0
BIIB,25549129728.0,20490278912,-0.061,40.656,0.1047,12.72534,8.856,9607499776,-0.025,2127100032.0
BLK,151523737600.0,152650301440,1.311,32.503,0.1505,23.489275,19.745,19360999424,0.149,4336000000.0
BX,165152751616.0,205791576064,1.486,65.956,0.22041,46.424244,,11138276352,0.541,4215944960.0
BK,-34844672000.0,61088923648,1.06,,0.08563,14.675862,,17801000960,0.047,-2931000064.0
BA,155475066880.0,135328350208,1.572,,,,-38.956,73292996608,-0.015,-5248999936.0
BKNG,162704195584.0,162911551488,1.385,,,33.348846,22.651,23051999232,0.089,8947999744.0
BWA,9751875584.0,6476326400,1.186,74.606,0.15923999,18.16871,5.182,14168999936,-0.048,1540999936.0
BSX,161604091904.0,156211232768,0.797,53.722,0.08916,84.792,39.775,15911000064,0.193,2936000000.0
BMY,164503437312.0,112574128128,0.441,299.052,-0.3133,,8.585,47435001856,0.084,15002999808.0
AVGO,103630258176.0,1101881147392,1.187,166.032,0.12509,183.65234,4.514,46814998528,0.164,19185999872.0
BR,31459885056.0,28330301440,1.06,172.353,0.31812,37.828125,20.352,6498599936,-0.006,992700032.0
BRO,33177589760.0,31135107072,0.825,58.92,0.18144,31.468206,21.709,4558700032,0.099,1118499968.0
BF-B,22131085312.0,14899269632,0.759,91.429,0.29046,14.820756,18.473,4091000064,-0.084,626000000.0
BLDR,21724264448.0,17944629248,2.081,97.541,0.27435,15.227052,9.248,16731047936,-0.067,2110928000.0
BG,15561825280.0,9704077312,0.655,63.434,0.10922,8.698373,6.26,54501998592,-0.093,2295000064.0
BXP,29650608128.0,12612670464,1.195,205.408,0.058280002,31.080435,15.85,3344005120,0.037,1237902976.0
CHRW,14543091712.0,11744848896,0.842,116.88,0.22818,25.740934,21.577,17762187264,0.07,288484992.0
CDNS,82075033600.0,83377324032,1.02,61.911,0.27072,79.79134,56.584,4353906176,0.188,1091282944.0
CZR,33272799232.0,7472921088,2.962,599.43,-0.063769996,,9.071,11271000064,-0.04,1274000000.0
CPT,16052471808.0,12861535232,0.92,71.778,0.07229,79.00667,17.97,1556548992,-0.005,814499008.0
CPB,21008762880.0,11122447360,0.181,198.683,0.15203,20.387978,11.783,9635999744,0.109,1184999936.0
COF,80446611456.0,75822833664,1.432,,0.07479,17.175303,,26496999424,0.064,22811000832.0
CAH,33217261568.0,30744358912,0.616,,,23.656134,11.36,224454000640,-0.043,1587000064.0
KMX,31532607488.0,13117601792,1.686,314.637,0.06853,29.010204,34.017,27679066112,-0.002,1021150976.0
CCL,61533511680.0,35716935680,2.668,352.355,0.20120001,18.347221,10.468,24479000576,0.152,5934000128.0
CARR,68576079872.0,58804260864,1.212,85.607,0.13931,38.55294,20.668,24800999424,0.213,1492999936.0
CAT,222999429120.0,175899246592,1.095,195.336,0.53475,16.522902,14.097,65664000000,-0.042,12645000192.0
CBOE,22477664256.0,22106017792,0.666,38.137,0.19518,29.328472,17.419,3955599872,0.162,1622000000.0
CBRE,49770844160.0,44231835648,1.395,73.116,0.11434,46.92857,22.484,34313000960,0.148,1220999936.0
CDW,31952859136.0,25643991040,1.053,278.653,0.53360003,24.14429,16.006,20831199232,-0.02,1468499968.0
CE,20408696832.0,7388944896,1.304,172.83,0.15095,6.7325697,11.026,10478999552,-0.028,1302000000.0
COR,50631073792.0,47953731584,0.436,557.753,2.0911798,35.12642,11.766,293958615040,0.147,3484685056.0
CNC,32863348736.0,29089904640,0.493,64.231,0.11559,9.296355,5.552,146204000256,0.061,958000000.0
CNP,40330964992.0,21044264960,0.917,188.828,0.09573,21.526667,13.086,8562999808,-0.002,2058000000.0
CF,18542374912.0,14983121920,0.957,42.006,0.1792,13.645008,6.994,5983000064,0.076,2331000064.0
CRL,10973556736.0,8082076672,1.376,72.176,0.11924,19.731585,11.566,4060915968,-0.016,796158016.0
SCHW,153170886656.0,147927547904,0.952,144.242,0.12111,27.026754,,18736001024,0.052,33533999104.0
CHTR,147412926464.0,49240342528,1.036,533.472,0.32965,9.922483,6.856,54869999616,0.016,14824999936.0
CVX,302887305216.0,272281419776,1.078,16.456,0.103520006,15.961533,7.778,191688998912,-0.064,35230998528.0
CMG,83598196736.0,79341608960,1.266,124.061,0.45673,52.73874,37.427,10984862720,0.13,1843764992.0
CB,129446494208.0,107216371712,0.681,31.706,0.16125,11.892,11.392,54697000960,0.078,14803000320.0
CHD,27904935936.0,25571665920,0.55,57.536,0.13338,44.040085,20.98,6053100032,0.038,1099399936.0
CI,111719464960.0,80050429952,0.511,80.15,0.07606,24.103874,13.059,229746999296,0.28,6617999872.0
CINF,20530917376.0,21297920000,0.666,6.331,0.25135002,7.001542,5.054,12154999808,0.833,2584000000.0
CTAS,85166866432.0,82411757568,1.313,70.573,0.40462002,49.328503,34.757,9755872256,0.068,2209568000.0
CSCO,261773295616.0,250057588736,,70.647,0.20761,26.946352,19.035,52976001024,-0.056,12170000384.0
C,23297296384.0,150956376064,1.426,,0.03874,13.515966,,69307998208,-0.024,-49130999808.0
CFG,25884903424.0,20925792256,1.32,,0.05426,15.676568,,7114999808,-0.061,2188000000.0
CLX,22547779584.0,18083059712,0.399,1287.5,2.08451,39.997272,16.446,7469000192,0.271,896000000.0
CME,89636274176.0,87596793856,0.559,13.621,0.12297,25.587368,21.292,6034400256,0.185,3716900096.0
CMS,36563439616.0,20532504576,0.407,187.096,0.11501,20.636637,13.349,7475999744,0.042,2372000000.0
KO,305599774720.0,275763822592,0.62,167.358,0.3723,26.562239,20.605,46365999104,-0.008,5523999744.0
CTSH,41288908800.0,42916499456,1.052,12.891,0.16478,19.223946,11.899,19412000768,0.03,1940999936.0
CL,81601126400.0,70066864128,0.415,1009.091,4.87923,24.433048,16.674,20106000384,0.024,3974000128.0
CMCSA,236277530624.0,130501902336,1.004,117.127,0.16884,8.336957,6.337,123069997056,0.065,25514999808.0
CAG,21706461184.0,11691954176,0.332,100.881,0.05605,23.781555,9.693,11941799936,-0.038,1840700032.0
COP,126844936192.0,128146530304,1.22,36.695,0.20376,12.68438,5.189,56924000256,-0.079,20930000896.0
ED,59483283456.0,33280753664,0.353,120.07,0.08582,18.05639,10.706,15031000064,0.057,3279000064.0
STZ,52192698368.0,30184445952,0.893,149.155,0.07111,44.530666,13.426,10190799872,0.029,3030299904.0
CEG,103881965568.0,98626879488,0.776,65.003,0.22846001,34.720818,17.322,23982000128,0.072,-4630000128.0
COO,23358732288.0,18721884160,0.99,36.711,0.0465,47.85969,22.834,3804100096,0.078,615400000.0
CPRT,51532169216.0,56400109568,1.271,1.573,0.20129,40.933567,29.374,4236823040,0.072,1472563968.0
GLW,50955575296.0,45343182848,1.029,72.739,0.019299999,91.413795,19.546,12611000320,0.069,2028999936.0
CPAY,33695703040.0,26213775360,1.214,253.558,0.32836,26.89807,16.306,3877477888,0.06,2008395008.0
CTVA,47328038912.0,42804576256,0.773,22.883,0.02704,51.17557,15.703,16636999680,-0.102,2344999936.0
CSGP,27837673472.0,31712456704,0.823,14.763,0.02386,184.17859,163.463,2666899968,0.109,446500000.0
COST,436734459904.0,470730473472,0.789,42.118,0.30267,62.34244,37.904,254453006336,0.01,11338999808.0
CTRA,21695465472.0,20889262080,0.197,18.111,0.095979996,17.190908,6.29,5498999808,-0.05,2928999936.0
CRWD,86090670080.0,105038102528,1.102,27.398,0.07334,836.1667,459.175,3516257024,0.317,1330402944.0
CCI,68342886400.0,38883483648,0.875,559.592,0.20527,31.726952,17.111,6592999936,-0.009,2934000128.0
CSX,82412871680.0,63743922176,1.191,147.913,0.29458,18.46648,11.461,14680999936,0.013,5383000064.0
CMI,54737092608.0,51618430976,0.971,72.251,0.19375,13.242157,11.946,34197999616,0.003,1524000000.0
CVS,141152600064.0,67589197824,0.543,110.116,0.06697,13.631979,10.0,367245983744,0.06,4610999808.0
DHR,177797611520.0,147072139264,0.881,36.69,0.07586,38.6621,23.672,23741999104,0.031,6288000000.0
DRI,25586800640.0,22803249152,1.309,326.282,0.48619,22.22089,14.298,11416399872,0.01,1616000000.0
DVA,27173009408.0,14178257920,0.887,549.552,0.44884,18.606565,10.224,12666613760,0.046,1959616000.0
DAY,12056498176.0,10454250496,1.271,48.404,0.02194,597.7273,47.824,1694499968,0.166,290000000.0
DECK,32928256000.0,24502394880,1.053,11.633,0.4357,26.207794,28.747,4656732160,0.201,933756032.0
DE,171760975872.0,127283249152,0.935,288.043,0.35481,18.248732,11.958,55955001344,-0.168,9831999488.0
DELL,120382013440.0,78533672960,0.954,,,19.922123,13.796,91838996480,0.091,6067999744.0
DAL,60888260608.0,43324166144,1.341,186.78,0.4067,12.596623,7.236,60307001344,0.012,6675999744.0
DVN,30601234432.0,22544805888,2.071,64.021,0.26279,6.3555555,4.015,14529000448,-0.102,6672999936.0
DXCM,34502541312.0,34169251840,1.173,130.935,0.32061002,53.018185,41.055,3953999872,0.02,821699968.0
FANG,60225249280.0,47058788352,1.875,33.574,0.122650005,9.299845,8.833,9157000192,0.087,5696000000.0
DLR,74726105088.0,56396582912,0.609,79.825,0.01956,135.60976,31.967,5374854144,0.016,1954306944.0
DFS,41326501888.0,49018212352,1.402,105.313,0.20263,11.007337,,11685999616,0.605,
DG,34474561536.0,16180395008,0.449,250.873,0.20882,12.140594,11.395,39676977152,0.042,3317806080.0
DLTR,25809928192.0,15910735872,0.874,146.319,-0.12983,,9.909,30966300672,0.007,2763300096.0
D,88506728448.0,45906546688,0.596,156.351,0.085030004,20.166052,12.586,14593000448,0.034,5762999808.0
DPZ,21987479552.0,16426526720,0.859,,,29.20135,23.87,4665474048,0.031,615612992.0
DOV,30076555264.0,27850223616,1.218,59.444,0.2911,20.119108,17.031,8474512896,0.013,1273246976.0
DOW,43895762944.0,26988439552,1.222,95.059,0.05863,24.423567,9.047,43179999232,0.014,3756000000.0
DHI,49997840384.0,41775144960,1.744,22.915,0.19631,9.215145,8.06,36801400832,-0.048,2189799936.0
DTE,48179240960.0,25361588224,0.683,213.847,0.13638,16.61601,13.973,12414999552,0.006,3404000000.0
DUK,175564750848.0,88727281664,0.457,169.205,0.088369995,20.621185,12.446,29750999040,0.02,11520000000.0
DD,38123659264.0,31693529088,1.338,31.03,0.02187,59.24219,12.802,12192000000,0.044,1836999936.0
EMN,15386912768.0,11429856256,1.459,90.817,0.15925,12.935788,9.137,9344000000,0.087,1199000064.0
ETN,137398919168.0,125225041920,1.01,52.594,0.20079,33.38936,25.211,24604999680,0.079,4028000000.0
EBAY,35458568192.0,32693616640,1.337,145.0,0.35851002,17.192417,13.539,10266000384,0.03,1859000064.0
ECL,76381200384.0,69480873984,1.141,103.915,0.25164,34.414444,21.585,15674600448,0.178,2899699968.0
EIX,59880357888.0,19421380608,0.935,202.126,0.07411,14.668129,9.292,17321000960,0.106,4698999808.0
EW,37818830848.0,41934778368,1.12,7.353,0.19139,27.451738,18.427,6314899968,0.089,806400000.0
EA,31456579584.0,34148775936,0.781,29.954,0.13962,33.256344,16.644,7408999936,0.058,2198000128.0
ELV,79938199552.0,91322007552,0.853,61.87,0.15504,15.333334,7.044,174015004672,0.054,2131000064.0
EMR,83449839616.0,70803283968,1.292,30.376,0.05933,35.468925,18.086,17492000768,0.129,3332000000.0
ENPH,8516431872.0,8402980352,1.767,143.041,0.06312,82.92667,82.764,1250240000,-0.309,381851008.0
ETR,45586534400.0,34967801856,0.701,188.807,0.11951,19.840631,9.917,11862153216,-0.057,4172163072.0
EOG,69141979136.0,72842895360,1.289,13.911,0.24908,10.461227,5.251,23864000512,-0.039,12483999744.0
EPAM,12876440576.0,14861290496,1.457,4.654,0.13094,33.98249,19.527,4636846080,0.013,600278016.0
EQT,44354646016.0,31913646080,1.069,67.324,0.018229999,71.31333,17.052,4623048192,0.195,2695083008.0
EFX,38636552192.0,31293880320,1.594,108.422,0.11927,52.14256,22.758,5588199936,0.093,1321799936.0
EQIX,106485530624.0,90119979008,0.701,140.964,0.08267,84.06841,31.759,8401490944,0.189,3266595072.0
EQR,35891671040.0,27649617920,0.913,76.033,0.08361,25.988972,19.982,2940828928,0.034,
ERIE,21317640192.0,21186299904,0.454,0.406,0.31418,37.937267,29.986,3688691968,0.164,566227008.0
ESS,25029318656.0,19964917760,0.897,113.371,0.10176,25.093586,22.56,1752440064,0.076,1053654976.0
EL,32598204416.0,24714219520,1.044,196.892,0.03857,,13.371,15450999808,-0.045,2098000000.0
EG,12696215552.0,14403418112,0.629,22.087,0.20858,10.548631,,16436500480,0.128,5193999872.0
EVRG,28816945152.0,15024332800,0.608,137.464,0.08733,17.656757,11.238,5777800192,0.085,2016600064.0
ES,50369966080.0,21934655488,0.622,187.768,-0.03491,,12.14,11623559168,0.097,1994614016.0
EXC,87008681984.0,41780834304,0.61,173.221,0.0933,17.11111,12.172,22923999232,0.029,5553999872.0
EXPE,25028749312.0,26025893888,1.785,255.417,0.38564998,22.592283,14.552,13393999872,0.033,2648999936.0
EXPD,14704059392.0,15726303232,0.974,23.009,0.30290002,21.900583,14.603,9923577856,0.37,631998016.0
EXR,46157275136.0,34442805248,0.886,81.828,0.05568,41.754013,20.416,3311250944,0.12,1843666048.0
XOM,505002524672.0,482191769600,0.88,15.394,0.14513999,14.128826,7.059,343818010624,-0.015,56475000832.0
FFIV,14810296320.0,17948422144,1.05,6.895,0.19117,30.752981,18.937,2816120064,0.056,792419008.0
FDS,19052716032.0,17609791488,0.752,82.338,0.30411,33.16977,22.923,2203056128,0.049,700337984.0
FICO,46164680704.0,45463203840,1.352,,,85.60299,61.762,1717526016,0.164,632963968.0
FAST,43069321216.0,42246721536,0.979,14.644,0.32698002,36.8375,25.437,7480099840,0.035,1244499968.0
FRT,14305214464.0,9390363648,1.258,135.474,0.09324,31.89244,19.357,1185020032,0.058,567582976.0
FDX,,62062485504,1.177,,0.1507,16.44416,,87591002112,0.139,7269000192.0
FIS,54589521920.0,44467826688,1.074,66.387,0.03034,85.15423,15.287,10030999552,0.031,2912000000.0
FITB,47083888640.0,29081712640,1.231,,0.119160004,13.826433,,8063000064,-0.03,4997000192.0
FSLR,17446420480.0,17499701248,1.481,9.141,0.17964001,14.067126,10.161,3850810880,0.108,968112000.0
FE,47675891712.0,22876903424,0.495,173.13,0.083050005,25.609678,12.15,13256999936,0.069,2804999936.0
FI,146691768320.0,131243917312,0.919,89.406,0.10618,42.87918,16.734,20121999360,0.07,6005000192.0
FMC,10561715200.0,4320573952,0.853,90.927,0.38454,10.781932,15.017,4167899904,0.085,564400000.0
F,171435622400.0,36543012864,1.636,359.359,0.0799,6.3150687,18.316,182743007232,0.055,14887000064.0
FTNT,77639122944.0,84532101120,0.995,118.588,3.1152499,48.800884,44.933,5710799872,0.13,1972199936.0
FTV,30936629248.0,27290882048,1.174,38.261,0.08615,33.891953,18.214,6195200000,0.027,1471399936.0
FOXA,28113444864.0,23386591232,0.77,70.271,0.17711,11.369099,9.291,14337000448,0.111,1996999936.0
FOX,26852851712.0,23335319552,0.77,70.271,0.17711,10.766094,8.874,14337000448,0.111,1996999936.0
BEN,13044503552.0,10742287360,1.402,25.715,0.04321,31.946875,7.726,8478000128,0.113,971299968.0
FCX,72166506496.0,55429578752,1.91,33.531,0.16870001,29.673079,7.29,25639999488,0.166,7043999744.0
GRMN,39517245440.0,41338179584,0.983,1.908,0.21909,27.31916,24.746,5956843008,0.241,1414521984.0
IT,43486912512.0,40980680704,1.322,282.147,1.30419,33.247185,33.48,6138409984,0.054,1373896960.0
GE,209589895168.0,219675623424,1.188,110.224,0.22552,33.55328,23.457,69953003520,0.058,6543000064.0
GEHC,47418347520.0,39992377344,,126.093,0.21853,23.982193,13.279,19559000064,0.009,2088000000.0
GEV,109273636864.0,104376107008,,9.346,,67.67621,78.22,34422001664,0.08,3592999936.0
GEN,25036955648.0,17484460032,1.054,409.342,0.2766,27.813726,13.84,3863000064,0.031,2135000064.0
GNRC,9822523392.0,8653287424,1.367,65.432,0.123780005,30.3,14.87,4124702976,0.096,718793024.0
GD,81148698624.0,69139709952,0.614,48.609,0.16952999,18.763756,15.019,46045999104,0.104,3144999936.0
GIS,49704927232.0,32092667904,0.107,139.823,0.24168,12.656522,11.794,19800600576,-0.012,3548699904.0
GM,165768806400.0,46481518592,1.414,174.581,0.14167,7.3335953,9.023,182719004672,0.105,19645999104.0
GPC,21295935488.0,16485498880,0.933,127.177,0.24416,15.279638,10.363,23302279168,0.025,1449389056.0
GILD,136159371264.0,119180795904,0.192,126.415,0.00561,1062.5555,9.761,28298999808,0.07,10021999616.0
GPN,43349843968.0,27980097536,0.979,74.476,0.06064,20.744076,9.951,10024320000,0.051,3536706048.0
GL,13229163520.0,10327766016,0.807,67.544,0.23546,10.30402,8.845,5727482880,0.052,1456909952.0
GDDY,32776241152.0,29805010944,1.114,1107.373,,17.05221,32.273,4480900096,0.073,1244899968.0
GS,-92448751616.0,202118463488,1.342,609.793,0.1017,16.06341,,49386999808,0.042,-88335998976.0
HAL,32515164160.0,22867408896,1.905,83.993,0.26293,9.197881,6.361,23072999424,-0.018,3819000064.0
HIG,33627944960.0,32320487424,0.936,25.629,0.19740999,10.85797,7.905,26083999744,0.095,5662000128.0
HAS,11069758464.0,8392379904,0.619,305.016,-0.36224997,,14.335,4322800128,-0.148,978300032.0
HCA,127286747136.0,80372400128,1.689,5711.069,11.954511,14.422955,9.259,69620998144,0.079,10629000192.0
DOC,23629527040.0,13763960832,1.117,96.594,0.04085,54.652775,16.875,2556112896,0.259,1018214016.0
HSIC,14183822336.0,9797476352,0.867,60.189,0.06334,32.33811,15.384,12499000320,0.004,612000000.0
HSY,34556878848.0,31208361984,0.374,134.227,0.43405998,14.123241,11.703,10971834368,-0.014,2347642880.0
HES,52971454464.0,44597002240,1.16,81.969,0.2885,16.118042,7.584,12462999552,0.133,5632000000.0
HPE,36950175744.0,27970492416,1.206,53.696,0.086660005,11.018135,7.527,29020000256,0.101,5153999872.0
HLT,73280626688.0,64030076928,1.307,,,43.27317,29.825,4695000064,0.063,1896000000.0
HOLX,17917896704.0,14578618368,0.986,49.407,0.13846,20.560127,14.419,3987599872,0.045,1176899968.0
HD,465550671872.0,410914553856,1.011,1095.368,4.04933,28.044746,18.804,154595999744,0.066,19872000000.0
HON,166212501504.0,135462051840,1.025,177.821,0.31865,23.917795,18.138,37850001408,0.056,6770999808.0
HRL,19756959744.0,15874711552,0.254,36.305,0.10005,19.670069,14.593,11980785664,-0.022,1177208064.0
HST,16961730560.0,11765124096,1.344,81.953,0.105229996,16.121359,11.196,5590000128,0.092,1474000000.0
HWM,55013486592.0,51883589632,1.293,78.925,0.25719,48.931038,31.046,7270000128,0.107,1276000000.0
HPQ,45612367872.0,30923888640,1.087,,,11.734875,9.041,53320998912,0.024,4100999936.0
HUBB,23596662784.0,21568026624,0.899,64.783,0.25344,28.004179,18.636,5640000000,0.049,904300032.0
HUM,22320443392.0,32210544640,0.52,75.908,0.078379996,23.322145,5.906,115010002944,0.113,-3640000000.0
HBAN,30070343680.0,24399345664,1.057,,0.08545,13.758196,,6689999872,-0.012,1228999936.0
HII,10462917632.0,6554308608,0.548,67.095,0.17666,11.989978,9.769,11708000256,-0.024,564000000.0
IBM,257907621888.0,230467764224,0.71,245.112,0.26729,38.884556,17.573,62579998720,0.015,13578000384.0
IEX,18025400320.0,14884170752,0.952,55.059,0.13592,29.60241,20.894,3194800128,0.006,696499968.0
IDXX,35249065984.0,38088261632,1.357,61.696,0.59424,43.59372,27.127,3844816896,0.066,916827008.0
ITW,82607005696.0,76249407488,1.109,246.05,1.08036,22.069231,17.757,15948999680,-0.016,3206000128.0
INCY,12542982144.0,13429630976,0.71,1.151,0.00802,774.55554,155.831,4075859968,0.238,101848000.0
IR,40227078144.0,37165768704,1.422,47.256,0.08479,44.985367,21.16,7157799936,0.07,1451900032.0
PODD,20395182080.0,20058605568,1.219,128.909,0.48786,48.798634,49.672,1983900032,0.257,327800000.0
INTC,117785133056.0,86037102592,1.026,47.906,-0.15597,,11.283,54246998016,-0.062,9747000320.0
ICE,113073160192.0,96322953216,1.092,78.899,0.09408,34.99896,20.344,9157000192,0.173,4072000000.0
IFF,30819133440.0,21499021312,1.238,66.117,-0.1453,,16.428,11416000512,0.037,1346000000.0
IP,24998731776.0,29009625088,0.988,69.707,0.04797,35.044586,12.787,18639998976,0.016,1772999936.0
IPG,13095262208.0,10135375872,1.09,111.806,0.21792999,12.829435,7.56,9338900480,-0.029,1081900032.0
INTU,,164670963712,1.246,,0.16597,57.115044,,16284999680,0.41,4883999744.0
ISRG,212654686208.0,211647381504,1.389,,0.15973,92.577225,84.889,7866899968,0.169,1820700032.0
IVZ,12985758720.0,8400448000,1.424,5.597,-0.00944,15.890678,12.332,5887399936,0.051,1587399936.0
INVH,27392761856.0,19388979200,1.014,90.848,0.04369,43.958332,19.46,2554563072,0.058,1036540992.0
IQV,49527361536.0,36352323584,1.513,200.258,0.22001,27.560747,17.519,15315000320,0.043,2577999872.0
IRM,47319040000.0,30923347968,1.023,,0.54398996,292.7083,23.636,5988459008,0.122,1212321024.0
JBHT,20556838912.0,16853018624,1.141,47.555,0.14192,30.089767,13.031,12244555776,-0.03,1380525952.0
JBL,17597437952.0,18356424704,1.245,207.887,0.60295,15.824835,8.212,28882999296,-0.177,1716000000.0
JKHY,12855449600.0,12700886016,0.636,10.28,0.22278,31.422709,22.507,2245157120,0.052,527798016.0
J,20560537600.0,16498307072,0.702,47.856,0.093260005,36.784615,13.927,16948610048,0.011,1077504000.0
JNJ,372143357952.0,370328076288,0.518,50.958,0.20889,26.565632,12.383,87695998976,0.052,25145999360.0
JCI,61571035136.0,59161661440,1.306,54.68,0.0805,42.075115,19.05,22951999488,-0.095,2098000000.0
JPM,223516295168.0,760331698176,1.091,,0.16216,13.761013,,162148007936,0.03,-129538998272.0
JNPR,12387324928.0,11925825536,0.921,39.109,0.055760004,41.88372,24.849,5034299904,-0.048,517400000.0
K,34271969280.0,28341067776,0.395,173.603,0.26036,21.190722,16.866,12798999552,-0.007,1538000000.0
KVUE,47533920256.0,39370936320,,82.929,0.098809995,38.027775,13.762,15459000320,-0.004,1926000000.0
KDP,58361319424.0,42016038912,0.634,67.319,0.09052,18.65964,13.797,15148000256,0.023,1667000064.0
KEY,37012480000.0,19518242816,1.231,,0.0096700005,,,4851999744,-0.602,-26000000.0
KEYS,26805149696.0,30596759552,0.981,38.929,0.18031,50.55857,22.582,5002999808,-0.119,1071000000.0
KMB,50348302336.0,43435937792,0.412,517.798,2.30998,17.36207,12.916,20099999744,-0.035,3632000000.0
KIM,22983512064.0,15098356736,1.485,78.638,0.03829,40.399998,19.22,1963219968,0.138,956278016.0
KMI,101812084736.0,59917627392,0.907,101.433,0.083500005,23.051283,15.499,15150999552,-0.053,6447000064.0
KKR,195131277312.0,137529655296,1.606,83.045,0.08284,45.4375,,27816323072,0.238,7868657152.0
KLAC,101503647744.0,99370246144,1.29,191.76,0.90577006,31.445753,23.888,10256832512,0.185,3420072960.0
KHC,54376824832.0,34919137280,0.475,41.451,0.027999999,26.016756,8.436,26129999872,-0.028,4152000000.0
KR,63656681472.0,47247851520,0.471,229.201,0.24285999,17.27381,7.89,150202007552,-0.006,5888000000.0
LHX,52635209728.0,39627333632,0.726,67.726,0.06258,26.54765,14.203,21141999616,0.077,2219000064.0
LH,27183079424.0,20566022144,1.036,95.001,0.05432,27.89536,16.243,12712800256,0.074,1388199936.0
LRCX,95610675200.0,107089338368,1.486,58.827,0.49116,25.357143,19.432,15591300096,0.197,5269577216.0
LW,15095197696.0,8292433920,0.715,221.158,0.37015,22.887794,11.662,6456399872,-0.007,793800000.0
LVS,41512140800.0,30418466816,1.117,384.206,0.45166,21.405613,10.746,11317000192,-0.04,3295000064.0
LDOS,22987528192.0,19039555584,0.688,110.135,0.27035,16.23322,11.175,16277000192,0.069,1396999936.0
LEN,36693458944.0,32641677312,1.619,14.665,0.15878001,8.62088,6.63,36462747648,0.079,4018071040.0
LII,24770928640.0,20722860032,1.078,188.727,1.65014,25.81663,23.486,5151099904,0.096,919600000.0
LLY,785178689536.0,781298761728,0.43,218.081,0.65318,74.38099,47.396,40863301632,0.204,6032200192.0
LIN,237861421056.0,218318454784,0.949,54.828,0.1619,34.734848,18.906,33024999424,0.025,9340999680.0
LYV,38564765696.0,34117122048,1.334,419.155,0.35808998,166.23596,25.128,23315468288,-0.062,1296225024.0
LKQ,15120506880.0,9684809728,1.286,92.384,0.117740005,13.747232,8.73,14499000320,0.004,1098000000.0
LMT,135562297344.0,105387958272,0.481,268.347,0.81037,20.06831,13.257,71295000576,0.013,8313999872.0
L,23003488256.0,18706837504,0.818,52.247,0.10669,11.486037,7.113,17222000640,0.138,2560999936.0
LOW,190109532160.0,144314662912,1.098,,,21.263103,15.291,84023001088,-0.055,9587000320.0
LULU,42183348224.0,48664276992,1.237,36.186,0.43159,28.93519,15.624,9989289984,0.073,2344614912.0
LYB,35130617856.0,24521938944,1.091,92.277,0.1586,11.484825,7.946,40733999104,-0.029,3408000000.0
MTB,23590582272.0,32987582464,0.732,,0.08676,13.570991,,8498999808,0.012,2734000128.0
MPC,78276173824.0,48433319936,1.371,114.328,0.21053,15.220458,7.569,142670004224,-0.148,7581000192.0
MKTX,6995763200.0,7461323776,1.053,5.424,0.21625,27.145405,16.95,811940992,0.2,350673984.0
MAR,98539266048.0,84485021696,1.585,,,31.867924,23.958,6569999872,0.066,3182000128.0
MMC,120882864128.0,111759720448,0.937,106.462,0.32048,27.785105,16.683,23945000960,0.059,4128999936.0
MLM,37170184192.0,32645011456,0.897,48.348,0.23437001,16.582739,19.106,6513200128,-0.053,1328400000.0
MAS,19428601856.0,16810083328,1.25,2238.028,5.70874,20.722075,13.004,7881999872,0.002,1152999936.0
MA,510720671744.0,517415305216,1.101,244.839,1.7757801,40.77734,30.429,27225999360,0.128,14076000256.0
MTCH,12143727616.0,8513240064,1.487,,,16.784653,12.228,3485424896,0.016,954128000.0
MKC,24107169792.0,20578209792,0.764,84.828,0.15067,26.284246,18.979,6678499840,-0.003,1040400000.0
MCD,263126171648.0,221105946624,0.735,,,27.088675,19.004,25938700288,0.027,9304899584.0
MCK,82160943104.0,75481350144,0.436,,,27.627525,16.802,330187014144,0.213,5120999936.0
MDT,132568342528.0,116226768896,0.853,57.859,0.07948,27.718655,14.709,32576999424,0.028,6897999872.0
MRK,276028325888.0,219218608128,0.411,85.572,0.28332,12.857568,12.039,63174000640,0.044,18264000512.0
META,1685938241536.0,1809353408512,1.215,29.811,0.36134,29.929857,21.285,156226994176,0.189,82744000512.0
MET,135392468992.0,57393131520,1.039,151.463,0.13260001,13.584828,19.243,71343996928,0.162,15169000448.0
MTD,30647717888.0,28218763264,1.159,,,33.352657,26.826,3762225920,0.013,983664000.0
MGM,40386015232.0,10132091904,2.241,841.031,0.2901,12.197132,15.794,17221656576,0.053,2406877952.0
MCHP,34692112384.0,27805243392,1.526,102.895,0.118030004,90.70176,17.784,5496600064,-0.484,1704000000.0
MU,121170362368.0,106821050368,1.179,31.194,0.01743,27.471346,13.548,25110999040,0.933,8506999808.0
MSFT,3307079729152.0,3063535632384,0.904,33.657,0.35604,33.180275,24.218,254189993984,0.16,122144997376.0
MAA,23370129408.0,19312803840,0.874,79.953,0.08611,34.95991,18.732,2183429888,0.017,1124096000.0
MRNA,7033060864.0,12207119360,1.69,11.361,-0.17524,,-2.978,5080999936,0.017,-3207000064.0
MHK,9872400384.0,7444210176,1.389,32.986,0.07457,14.506149,6.371,10812014592,-0.017,1033228992.0
MOH,11447971840.0,15952158720,0.586,53.019,0.26454002,13.950048,6.311,37544001536,0.174,178000000.0
TAP,17005172736.0,11073980416,0.827,48.838,0.071669996,12.096847,7.032,11682199552,-0.078,1890300032.0
MDLZ,93988339712.0,75199365120,0.561,73.232,0.13552,16.998537,12.677,36151001088,0.019,5015000064.0
MPWR,30792648704.0,33832382464,1.148,0.693,0.20214,19.334518,58.963,2039447040,0.306,774041984.0
MNST,44473171968.0,46437830656,0.742,13.985,0.23517,30.608976,21.125,7410776064,0.013,1901159040.0
MCO,96210395136.0,91286061056,1.289,197.861,0.54016,46.126373,29.032,6896000000,0.232,2640999936.0
MS,71193698304.0,220978577408,1.336,405.772,0.11079001,17.296856,,58282000384,0.165,-28189999104.0
MOS,12658075648.0,8697119744,1.36,35.767,0.03346,24.230087,6.634,11456400384,-0.208,1618000000.0
MSI,85284577280.0,80962600960,0.979,490.007,1.82528,53.178375,27.057,10654999552,0.092,2566000128.0
MSCI,53380927488.0,45357780992,1.11,,,41.28067,32.899,2802725120,0.159,1459947008.0
NDAQ,56713568256.0,47049691136,0.96,93.096,0.10888,42.41451,22.577,7016999936,0.311,1651000064.0
NTAP,25565870080.0,24797233152,1.225,285.038,1.2042199,22.462248,16.16,6376999936,0.076,1572999936.0
NFLX,381036494848.0,439558799360,1.25,81.461,0.34714,51.71565,38.192,37587279872,0.15,7487483904.0
NEM,57272119296.0,52636237824,0.531,30.436,-0.05159,,9.531,16986999808,0.847,4467999744.0
NWSA,19552534528.0,17459085312,1.351,44.272,0.04916,38.853333,15.396,10163000320,0.031,1216999936.0
NWS,22088835072.0,17429938176,1.351,44.272,0.04916,45.306667,17.393,10163000320,0.031,1216999936.0
NEE,232355889152.0,141350862848,0.561,139.015,0.09887999,20.436203,15.939,26246000640,0.055,14156999680.0
NKE,116595023872.0,104552300544,1.035,86.962,0.3798,21.816357,16.192,50012000256,-0.104,7888999936.0
NI,33177024512.0,17819287552,0.507,131.811,0.08756,23.27744,14.27,5289299968,0.048,1640899968.0
NDSN,15717453824.0,12351516672,0.907,56.526,0.17406,26.71111,19.196,2664752128,0.02,623022016.0
NSC,73842794496.0,57273921536,1.302,128.64,0.18303,21.891436,12.541,12172000256,0.027,3774000128.0
NTRS,30379053056.0,21933942784,1.073,,0.13732,11.455988,,7857600000,0.145,4952000000.0
NOC,84931133440.0,68906770432,0.346,122.722,0.15484,16.790833,19.051,40985001984,0.023,4240000000.0
NCLH,25770336256.0,11777579008,2.682,1240.664,0.69788,23.495615,11.036,9356740608,0.107,1909566976.0
NRG,31322361856.0,21170173952,1.088,433.016,0.31931,25.868813,14.283,28117999616,-0.091,1595000064.0
NUE,32004595712.0,32331118592,1.567,32.901,0.13221,16.294533,6.478,31362945024,-0.152,4765954048.0
NVDA,3553896693760.0,3292163735552,1.657,17.221,1.23767,53.13395,58.085,96307003392,1.224,48663998464.0
NVR,24257140736.0,23375675392,1.201,24.537,0.38716,14.849246,11.71,10281399296,0.06,1233117952.0
NXPI,59405271040.0,53296513024,1.494,104.495,0.29555,21.551903,12.803,12924999680,-0.054,3528000000.0
ORLY,85425758208.0,76019924992,0.92,,,32.50172,23.18,16444893184,0.038,2941518080.0
OXY,78332690432.0,45223440384,1.608,79.146,0.13118,13.204109,6.058,27136999424,0.002,11322000384.0
ODFL,39196778496.0,42900287488,0.989,1.437,0.30241,36.667885,19.883,5924531200,-0.03,1694916992.0
OMC,22233489408.0,16198719488,0.968,155.236,0.33923998,11.050939,9.185,15427800064,0.085,1609500032.0
ON,22717818880.0,20084842496,1.654,42.376,0.2183,11.704714,8.363,7377900032,-0.192,1937900032.0
OKE,83528687616.0,62030290944,1.625,166.619,0.16875,21.062502,14.884,19932999680,0.199,4784999936.0
ORCL,601787858944.0,499467124736,1.013,749.978,1.55578,43.768383,27.601,53815001088,0.069,19125999616.0
OTIS,45139279872.0,38055911424,0.942,,,23.58108,18.005,14206000128,0.007,1470000000.0
PCAR,64085872640.0,55738474496,0.89,83.654,0.27142,13.454431,10.847,34832900096,-0.052,4381899776.0
PKG,23241342976.0,18821310464,0.777,64.596,0.18972,23.469204,14.302,8175099904,0.127,1201100032.0
PLTR,186544947200.0,262523830272,2.697,5.552,0.12409,606.5374,469.051,2646338048,0.3,994710016.0
PANW,126756487168.0,128743161856,1.118,27.28,0.74517995,50.827724,115.823,8027500032,0.121,3257600000.0
PARA,20789946368.0,7543280128,1.767,91.924,-0.30080998,,6.653,28867000320,-0.056,1028000000.0
PH,95530647552.0,88085561344,1.432,78.976,0.24641001,28.256094,19.252,19986102272,0.012,3478344960.0
PAYX,48264744960.0,53040881664,0.987,22.517,0.45672,31.01263,20.462,5310799872,0.025,1750800000.0
PAYC,10919983104.0,11717495808,1.139,5.516,0.32584998,24.45367,16.352,1823922048,0.112,507980992.0
PYPL,91076247552.0,77677461504,1.436,65.718,0.22188,19.67975,14.879,31456999424,0.058,7670000128.0
PNR,18481074176.0,16225684480,1.189,49.774,0.20408002,26.256683,18.883,4094500096,-0.015,798700032.0
PEP,243283787776.0,197029707776,0.542,229.605,0.48819,20.670506,14.384,91919998976,-0.006,12032000000.0
PFE,206739144704.0,147221594112,0.615,73.408,0.04538,18.42468,11.257,59375001600,0.312,11262999552.0
PCG,92135186432.0,34076176384,1.035,221.631,0.10674,12.136719,9.888,24828999680,0.009,6579999744.0
PM,250646085632.0,226356527104,0.56,,,24.222961,16.381,37219000320,0.084,11516999680.0
PSX,69328617472.0,50900893696,1.319,67.143,0.11121,24.6994,12.442,147738001408,-0.104,5183000064.0
PNW,21264746496.0,9974901760,0.518,168.24,0.09578,16.490602,10.75,5021081088,0.08,1544129024.0
PNC,146462277632.0,78474706944,1.121,,0.099020004,14.414545,,20483999744,0.017,10944000000.0
POOL,13769488384.0,12724046848,1.008,86.515,0.31463,28.724657,20.267,5326523904,-0.028,626830016.0
PPG,34608001024.0,26547759104,1.254,91.282,0.19149,20.005245,12.059,18030000128,-0.015,1972000000.0
PPL,41214296064.0,25057771520,0.834,117.528,0.05864,30.590092,12.581,8281999872,0.011,1939000064.0
PFG,15768369152.0,19397107712,1.203,36.258,-0.01274,,-1044.263,14066499584,-0.345,4087899904.0
PG,405945352192.0,392949956608,0.414,69.338,0.28766,26.684713,16.886,83905003520,-0.006,19243999232.0
PGR,150343155712.0,145656053760,0.366,25.375,0.36411,17.254684,13.891,71959396352,0.267,14549000192.0
PLD,145402232832.0,110372274176,1.094,57.079,0.05662,36.00302,25.335,8239209984,0.068,4651180032.0
PRU,49973198848.0,39880089600,1.282,141.51,0.13773,14.995333,8.992,72965996544,1.334,7282999808.0
PEG,63534575616.0,41699090432,0.626,137.098,0.13,20.563953,15.707,10430000128,0.076,2476000000.0
PTC,24457160704.0,20059815936,1.174,60.052,0.12775,51.29692,35.015,2298471936,0.146,749984000.0
PSA,66314362880.0,53175926784,0.69,97.567,0.19163999,31.455442,19.777,4698625024,0.034,3151319040.0
PHM,24016615424.0,21539506176,1.641,19.411,0.26705,7.242342,6.339,17318807552,0.118,1401602048.0
PWR,50351632384.0,45933899776,1.009,70.631,0.12696,57.625923,26.941,22903320576,0.155,2372719104.0
QCOM,197520457728.0,189485449216,1.286,58.765,0.42253,18.48166,16.516,38961999872,0.187,12202000384.0
DGX,23667464192.0,18380894208,0.891,100.708,0.13224,21.608582,13.112,9539000320,0.084,1396999936.0
RL,16440687616.0,16620746752,1.504,109.237,0.28424,24.530539,15.513,6740100096,0.057,1100600064.0
RJF,25331666944.0,33435731968,1.002,45.916,0.19348,15.943415,,12775999488,0.132,
RTX,205254606848.0,169845309440,0.54,69.597,0.073460005,36.01695,16.328,79042002944,0.492,10309000192.0
O,73826852864.0,47230763008,0.996,68.941,0.02513,51.39524,16.458,5014703104,0.286,3361970944.0
REG,18128603136.0,13386031104,1.218,66.82,0.0583,34.77014,19.749,1489812992,0.089,770718976.0
REGN,64653578240.0,76491423744,0.142,9.221,0.17166,18.249086,14.061,13847100416,0.106,4247399936.0
RF,,22049040384,1.182,,0.10042,12.569948,,6556000256,0.156,2672999936.0
RSG,82007834624.0,69457084416,0.707,114.524,0.18284,35.431293,17.068,15817600000,0.065,3812499968.0
RMD,38229590016.0,34963161088,0.687,16.366,0.23565,28.139479,23.422,4807484928,0.111,1440514944.0
RVTY,17522065408.0,13978083328,1.056,41.849,0.03308,49.720783,22.233,2721554944,0.02,650681984.0
ROK,34098604032.0,34420809728,1.359,111.327,0.25539,36.822247,21.131,8264200192,-0.206,863800000.0
ROL,49252167680.0,24261259264,0.701,63.703,0.38792,51.64433,65.011,3310625024,0.09,572320000.0
ROP,66334572544.0,61433634816,1.029,45.241,0.08238,39.841446,24.274,6775600128,0.129,2292800000.0
ROST,48624758784.0,47051173888,1.1,114.299,0.43236,22.458267,16.296,21092935680,0.071,2359250944.0
RCL,84992032768.0,71124049920,2.6,298.394,0.44263,24.045454,15.064,16055000064,0.175,4913999872.0
SPGI,175835250688.0,160155140096,1.183,31.362,0.099309996,45.594524,26.461,13767999488,0.159,5282999808.0
CRM,316399091712.0,314211794944,1.288,21.148,0.09734,54.179867,33.858,36465000448,0.084,12074000384.0
SBAC,36514402304.0,22126082048,0.672,,,32.457413,20.447,2660957952,-0.022,1457308032.0
SLB,67756421120.0,57665994752,1.532,57.141,0.21722999,13.236335,8.333,35995000832,0.102,7233999872.0
STX,25853362176.0,20730349568,1.07,,,17.803637,21.349,7264999936,0.491,886000000.0
SRE,93131071488.0,51903877120,0.759,96.747,0.09734,18.049559,18.887,12917999616,-0.167,4631000064.0
NOW,232900313088.0,210858328064,0.986,24.166,0.16221,148.8586,127.687,10464000000,0.222,4236999936.0
SHW,102179545088.0,90027368448,1.175,291.114,0.64452004,33.850376,23.224,23053500416,0.007,3137299968.0
SPG,80979820544.0,68072329216,1.768,780.789,0.81232,24.902758,18.603,5909003776,0.049,3765860096.0
SWKS,12786863104.0,10511656960,1.205,15.691,0.12777,20.121538,11.254,4371800064,-0.159,1714099968.0
SJM,20708575232.0,10980002816,0.246,111.438,0.10090999,20.844446,10.47,8498599936,0.177,1184400000.0
SW,41985400832.0,28106629120,1.034,82.987,,75.04861,19.321,16432000000,1.632,1312999936.0
SNA,18691186688.0,17929728000,0.954,23.352,0.20599002,17.51718,12.629,5103000064,-0.005,1220899968.0
SOLV,20013692928.0,12843618304,,254.041,0.09747,195.64474,10.877,8215000064,0.004,1512999936.0
SO,160343965696.0,93039665152,0.509,176.35,0.12713,19.793707,12.277,26428000256,0.042,9427999744.0
LUV,18694682624.0,18181027840,1.153,87.36,-0.00447,39.88816,11.115,27376001024,0.053,411000000.0
SWK,20067041280.0,13257333760,1.255,79.081,-0.02031,45.5,12.062,15381699584,-0.051,1197100032.0
SBUX,136081932288.0,126406287360,0.962,,,35.896774,20.311,36176199680,-0.032,6095600128.0
STT,-35844304896.0,28495429632,1.48,,0.0855,12.019488,,12547999744,0.201,-1598000000.0
STLD,20729755648.0,20214327296,1.325,40.575,0.19703,13.479694,7.709,17901674496,-0.054,2362270976.0
STE,24042131456.0,22132643840,0.851,36.303,0.092700005,34.9805,18.136,5325524992,0.073,1100518016.0
SYK,161960411136.0,149686370304,0.92,79.443,0.18868,50.66516,28.449,21973999616,0.119,3839000064.0
SMCI,21796548608.0,24057937920,1.279,39.749,0.32469,20.440298,16.708,14942854144,1.43,-2479437056.0
SYF,24873697280.0,25505484800,1.593,,0.21279,7.6824555,,9006999552,0.116,9811999744.0
SNPS,89040527360.0,81790312448,1.076,8.7,0.21819,57.20216,53.886,6483438080,0.127,1170272000.0
SYY,50461638656.0,34275452928,1.2,599.732,0.88346,17.964102,11.44,79707996160,0.044,2955000064.0
TMUS,363986026496.0,290338766848,0.496,182.272,0.16087,26.351814,11.87,80005996544,0.047,21603000320.0
TROW,23828027392.0,24630349824,1.423,3.247,0.20495,12.071038,8.997,6911099904,0.069,1810099968.0
TTWO,35386662912.0,37585707008,0.85,70.922,-0.50913,,213.688,5456999936,0.041,-405300000.0
TPR,18600462336.0,16405939200,1.556,295.298,0.29924,23.03779,12.921,6665500160,-0.004,1299800064.0
TRGP,60015329280.0,45323304960,2.237,321.534,0.33885,37.517147,14.923,16215700480,-0.012,3279500032.0
TGT,71738318848.0,60461072384,1.242,132.802,0.33968,13.992576,7.771,107300003840,0.027,8561999872.0
TEL,47821746176.0,44632117248,1.328,37.194,0.26461,23.632702,12.712,15845000192,0.008,3476999936.0
TDY,24630421504.0,23795832832,1.007,29.147,0.103140004,29.704187,18.299,5592699904,0.029,1023900032.0
TFX,9599908864.0,7971596800,1.177,42.669,0.05412,33.988117,14.885,3025824000,0.024,572124992.0
TER,19405035520.0,18501009408,1.515,2.738,0.19206,34.21687,30.286,2737594880,0.048,638398976.0
TSLA,1228948242432.0,1143794565120,2.295,18.078,0.20389,175.17242,92.793,97150001152,0.078,14478999552.0
TXN,188821782528.0,163861544960,0.98,84.399,0.29293,34.54423,27.377,15710999552,-0.084,6243999744.0
TPL,30374041600.0,31682387968,1.589,0.091,0.445,70.6817,55.372,686696000,0.099,475526016.0
TXT,17732540416.0,13558782976,1.244,56.941,0.12597999,17.11175,10.78,13980999680,0.025,1116999936.0
TMO,246323118080.0,210640846848,0.792,72.329,0.12944001,33.33505,23.278,42369998848,0.002,9100000256.0
TJX,142452490240.0,140570591232,0.893,162.567,0.66199,29.491747,19.993,55623000064,0.056,6336999936.0
TSCO,11254305792.0,29065549824,0.814,233.038,0.5058,26.67157,5.881,14769541120,0.016,1299716992.0
TT,85273182208.0,80995966976,1.221,69.203,0.35146,31.788733,23.102,19388299264,0.114,3180499968.0
TDG,94729428992.0,74589708288,1.423,,,46.81274,24.365,7939999744,0.18,2044999936.0
TRV,56072855552.0,54949367808,0.63,29.004,0.19059,11.289339,8.345,45341999104,0.119,9114000384.0
TRMB,19137916928.0,18262345728,1.489,32.544,0.28913,12.424749,25.943,3632300032,-0.085,515200000.0
TFC,77982875648.0,62179876864,1.035,,-0.09505,,,14497000448,0.061,3764999936.0
TYL,26043762688.0,26214141952,0.771,19.597,0.077259995,112.17949,70.59,2077606016,0.098,547278016.0
TSN,28294819840.0,20523896832,0.775,52.863,0.044710003,19.466215,9.0,53309001728,0.016,2590000128.0
USB,91929616384.0,73070403584,1.04,,0.09779,12.358839,,24896999424,-0.032,6922999808.0
UBER,152857231360.0,165150834688,1.337,80.343,0.34326,17.199562,44.371,41955000320,0.204,6209999872.0
UDR,21115011072.0,16144967680,0.847,131.116,0.02841,164.90385,21.343,1677719040,0.006,855382976.0
ULTA,20024999936.0,17313173504,1.326,82.149,0.54978,14.957933,10.957,11321165824,0.009,1406337024.0
UNP,174684307456.0,147318882304,1.056,197.154,0.43396,21.982866,14.521,24288000000,0.025,9079000064.0
UAL,55542366208.0,35508740096,1.393,291.676,0.27245,11.425397,7.422,55993999360,0.025,6311000064.0
UPS,134372777984.0,97531658240,0.982,155.425,0.31422,16.931852,11.19,90685997056,0.056,9217999872.0
URI,63703355392.0,48936243200,1.682,167.987,0.31401,19.382437,14.025,14977999872,0.06,4912000000.0
UNH,550896926720.0,486784237568,0.591,74.683,0.15252,34.14784,15.724,393898000384,0.092,16641999872.0
UHS,17478715392.0,12210233344,1.297,76.373,0.16341,12.323568,8.229,15417758720,0.112,1861095040.0
VLO,52526309376.0,43348402176,1.374,38.593,0.13797,15.958625,6.72,128730996736,-0.152,6851999744.0
VTR,38587359232.0,25158076416,1.39,136.679,-0.00543,,20.779,4797114880,0.08,1235068032.0
VLTO,26525138944.0,24642387968,,143.52,0.5368,29.833086,20.968,5136000000,0.047,853000000.0
VRSN,22316498944.0,21090000896,0.911,,,27.78473,20.489,1542400000,0.038,875299968.0
VRSK,44282200064.0,41587347456,0.862,1069.413,2.65609,45.378277,32.489,2823300096,0.07,1140999936.0
VZ,339618168832.0,168216805376,0.418,182.615,0.10431,9.652174,7.013,134237003776,,35157000192.0
VRTX,116113244160.0,120447590400,0.394,11.35,-0.029849999,,26.113,10625800192,0.116,-842600000.0
VTRS,26773952512.0,12789317632,0.929,80.912,-0.043449998,,5.837,15048500224,-0.048,2288300032.0
VICI,49447641088.0,31640281088,0.961,66.55,0.111899994,11.116445,13.505,3805018112,0.067,2313893120.0
V,647509377024.0,677786615808,0.952,53.239,0.50708,35.419857,25.928,35925999616,0.117,19950000128.0
VST,77389758464.0,56460500992,1.111,183.15,0.30168,31.252354,12.855,16264999936,0.539,4091000064.0
VMC,39538159616.0,35523088384,0.805,49.475,0.11133,41.96412,19.911,7398300160,-0.083,1451100032.0
WRB,22600261632.0,22957551616,0.621,36.284,0.20537001,13.896789,,13192565760,0.122,3566411008.0
GWW,56957796352.0,50726125568,1.151,83.325,0.52611,26.886936,20.077,16931999744,0.043,2287000064.0
WAB,39510118400.0,35839238144,1.272,39.063,0.103690006,34.750168,18.725,10330000384,0.044,1796999936.0
WBA,40444768256.0,8602643456,0.669,277.898,-0.75969005,,14.024,147657998336,0.06,1018000000.0
WMT,736540164096.0,823824154624,0.516,69.566,0.18531999,42.376034,18.062,665035014144,0.048,33881999360.0
DIS,244472922112.0,198008504320,1.398,45.188,0.0546,35.561916,14.595,90027999232,0.037,13255000064.0
WBD,62853156864.0,24543965184,1.483,111.154,-0.27295,,8.797,39578001408,-0.036,6238000128.0
WM,100138147840.0,90552549376,0.747,208.894,0.35025,33.129353,15.693,21386999808,0.079,5261000192.0
WAT,25914382336.0,24122175488,0.973,120.473,0.4964,38.76527,25.708,2905146880,0.04,752105984.0
WEC,51074404352.0,32028598272,0.438,155.836,0.105220005,20.830578,14.638,8533199872,-0.048,3110000128.0
WFC,201624436736.0,260220944384,1.136,,0.099139996,14.733706,,77875003392,-0.018,12332999680.0
WELL,102154731520.0,89356009472,1.194,52.153,0.03417,91.40127,34.857,7555548160,0.288,2067710976.0
WST,23104405504.0,23256281088,1.003,11.188,0.17778,47.573334,31.025,2876400128,-0.001,702400000.0
WDC,,23751163904,1.394,,0.033239998,19.73555,,14348000256,,366000000.0
WY,26713978880.0,21960439808,1.428,51.335,0.052989997,56.027775,21.648,7190000128,-0.169,1078000000.0
WMB,97010515968.0,68928921600,1.062,182.368,0.20583001,23.959745,16.543,10366000128,0.045,5568999936.0
WTW,38001893376.0,32586094592,0.742,79.115,-0.08361,,14.724,9809000448,0.057,1435000064.0
WDAY,67591348224.0,72365293568,1.352,40.312,0.21080999,44.67159,106.276,7863000064,0.167,2388999936.0
WYNN,18985721856.0,8755934208,1.802,,,9.571849,10.378,7129624064,0.013,1388504064.0
XEL,67329728512.0,38118182912,0.398,154.33,0.10262,19.29651,12.22,13763000320,-0.005,4951000064.0
XYL,30954608640.0,31767486464,1.05,19.84,0.08081,35.923073,18.327,8424000000,0.013,1143000064.0
YUM,48141180928.0,40736141312,1.095,,,27.910133,18.459,7223000064,0.069,1624000000.0
ZBRA,20441245696.0,18485497856,1.645,69.307,0.11873999,48.561653,25.456,4656000000,0.313,848000000.0
ZBH,27627929600.0,19993001984,1.021,53.611,0.08713,22.67043,10.803,7595500032,0.04,1581500032.0
ZTS,82398216192.0,77638950912,0.896,129.442,0.47303,32.407814,21.891,9152000000,0.11,2944999936.0
